asset_id,domain,asset_name,first_use,source_or_creation,license_or_rights,required_runtime_format,readiness,priority,acceptance_notes
GEO-001,geodata,OSM Sango-UI clipped roads-paths-buildings-POI,first district,Geofabrik Nigeria PBF or bounded OSM export,ODbL; visible attribution and derivative database review,GeoPackage source then processed cell JSON/GLB,NOT_ACQUIRED,P0,Must record snapshot/source date/tags and ODbL notes; not a runtime API; QA coverage before modeling
GEO-002,geodata,SRTM broad terrain elevation,first district,Digital Earth Africa SRTM 1 arc-second product,CC-BY-4.0 per product specification,GeoTIFF authoring then simplified terrain mesh,NOT_ACQUIRED,P0,30m scale only; store attribution and version; not suitable for curb detail
GEO-003,geodata,Sango-UI rough research envelope,asset preparation,Agent-authored polygon based on approximate public geocodes,Original project file; coordinates are provisional,GeoJSON,PROVISIONAL_FILE_CREATED,P0,Download envelope only; not an official boundary or final playable area
ENV-001,environment,Metric road-curb-drain-crossing modular kit,first district,Original Blender assets based on OSM road geometry and local review,Original project IP; reference provenance recorded,GLB,NOT_STARTED,P0,Use real street graph; collision proxies; at least road/crossing/drain variants
ENV-002,environment,Residential compound wall-gate-courtyard modules,first district,Original Blender assets; reference photography only with permission,Original project IP; photo releases if used,GLB,NOT_STARTED,P0,Open/closed gate states and usable pedestrian collision
ENV-003,environment,Small shopfront-kiosk-food-stall modules,first district,Original Blender assets,Original project IP; invented signs/businesses,GLB,NOT_STARTED,P0,At least one enterable vendor; reusable material slots and signage panels
ENV-004,environment,Low-rise house-hostel-apartment facade kit,first district,Original Blender assets; OSM footprints as placement reference,Original project IP; OSM-derived data compliance reviewed,GLB,NOT_STARTED,P0,Footprint-derived placement; do not infer heights from footprint; LOD0/1
ENV-005,environment,Street furniture-electricity pole-wire-light kit,first district,Original Blender assets,Original project IP,GLB,NOT_STARTED,P1,Instanced repeatables; wire collision off; simple light geometry
ENV-006,environment,Vegetation roadside tree-shrub kit,first district,Original model or verified CC0 asset per item,Per-asset rights recorded,GLB,NOT_STARTED,P1,Low-poly LOD; placement verified to local ecology; no expensive transparent leaf layer
ENV-007,environment,Sango/UI skyline and orientation landmark set,first district,Original Blender blockouts from geographic reference,Original project IP; no copied photos/logos,GLB,NOT_STARTED,P1,Correct relative placement and silhouette; actual dimensions provisional until verified
ENV-008,environment,Shop interior and modest rest room,first district,Original Blender assets,Original project IP,GLB,NOT_STARTED,P1,Two physically entered interiors; shared materials; no menu-only interaction
CHAR-001,character,Player base rig body and clothing slots,first district,Original character model,Original project IP; creator agreement required,GLB,NOT_STARTED,P0,Shared skeleton; everyday contemporary clothing; small customization set
CHAR-002,character,Walk-run-idle-turn-interact animation set,first district,Original animation or individually audited source,Per-clip license and redistribution rights required,GLB,NOT_STARTED,P0,Retarget profile; animation blending; inspect on low-end Android
CHAR-003,character,Pedestrian visual variants,first district,Original variants sharing base rig/material atlases,Original project IP,GLB,NOT_STARTED,P2,NPCs clearly distinct from human online accounts; density quality-scaled
VEH-001,vehicle,First test sedan or minibus,transport milestone,Original unbranded Blender model,Original project IP,GLB,NOT_STARTED,P2,Do not call driveable until entry-exit-steering-acceleration-brake-collision are tested
VEH-002,vehicle,Motorcycle-keke variants,transport expansion,Original Blender models after road/vehicle validation,Original project IP; no unlicensed livery,GLB,NOT_STARTED,P3,Separate wheel/seat/physics proxies; avoid static-only claim
MAT-001,material,Concrete-plaster-earth-metal-wood PBR set,first district,Procedural authored textures; Poly Haven CC0 only for verified gaps,Original or specific CC0 item record,PNG source then KTX2 runtime,NOT_STARTED,P0,Atlas/share where possible; keep most maps 512-1024px
AUD-001,audio,Ibadan street ambience and footsteps,first district,Original consented field recording and/or individually licensed Foley,Per-recording license and performer releases,48kHz WAV source then compressed runtime,NOT_STARTED,P1,No identifiable speech/music without consent; layer and distance-attenuate
UI-001,ui,Mobile HUD joystick context and status icons,first district,Original SVG set,Original project IP or approved OFL font,SVG source then optimized SVG/PNG,NOT_STARTED,P0,Large touch targets, safe-area support, high contrast, compact overlay
GFX-001,vfx,Day-night sky lighting and dust/rain presets,first district/expansion,Procedural shaders and original scene setup,Original project IP,shader/config,NOT_STARTED,P1,Start clear daylight; add rain only if frame-time tests pass
